Title,Date,Rating,Review
Best Pizza in Town!,2025-01-06,5,The crust was perfectly crispy and the toppings were fresh. Will definitely return!
Delicious and Affordable,2024-08-12,4,"A bit overpriced for what you get, but overall a decent meal."
Mediocre Experience,2025-01-05,3,Incredible flavors! The margherita pizza reminded me of Italy.
Absolutely Loved It!,2024-06-14,5,"Service was slow and the place was crowded, but the pizza made up for it."
Won't Be Coming Back,2025-03-15,2,Disappointed by the soggy crust and bland sauce. Expected better.
A Slice of Heaven,2024-10-16,5,Amazing pizza with a great balance of cheese and sauce.
Perfect for a Quick Bite,2024-08-21,3,"Nothing special, just an average pizza place."
Not Worth the Hype,2024-10-21,2,Great for families. My kids loved the pepperoni pizza!
Family Favorite,2024-11-15,4,The truffle mushroom pizza is a must-try!
Authentic Italian Style,2024-12-01,5,The wood-fired oven gives the pizza that perfect char and smoky flavor.
Late Night Cravings,2024-09-15,4,Open until 2 AM and the pizza is still amazing at midnight!
Gluten-Free Option,2024-07-22,4,Best gluten-free crust I've ever had. You can't tell it's GF!
Vegan Delight,2024-08-30,5,Their vegan cheese alternative is incredible. Even non-vegans love it!
Spicy Challenge,2024-10-05,4,"The ghost pepper pizza is not for the faint of heart, but it's delicious!"
Budget Friendly,2024-11-20,3,Great value for money. The lunch special is unbeatable.
Date Night Spot,2024-12-10,5,Perfect ambiance for a romantic dinner. The wine selection pairs well with the pizza.
Kids' Favorite,2024-09-01,4,The kids' menu is great and they love watching the pizza being made in the open kitchen.
Corporate Lunch,2024-10-15,3,Good for large groups. The catering service is reliable and tasty.
Weekend Brunch,2024-11-05,4,Their breakfast pizza with eggs and bacon is a game-changer!